keyword,appearances,early_avg_rank,late_avg_rank,new_entry,rising_score
대극천복숭아,2,493,171,False,323.0
포사인콘드로친,2,445,180,False,266.0
야콘,9,320,61,False,263.5
감태,2,259,48,False,212.0
홍산마늘,8,464.5,279.2,False,189.33
아스타잔틴,2,306,129,False,178.0
찰옥수수,14,352,181.6,False,177.38
블랙마카,7,370,199.2,False,174.33
촉촉한황치즈칩,15,339.1,175.2,False,171.39
갱년기영양제,2,491,321,False,171.0
시아스김치볶음밥,9,357,195.4,False,166.12
파로효소,2,350,188,False,163.0
전라도김치,2,499,338,False,162.0
디카페인커피,8,432,276.1,False,159.86
파랙틴,4,409,251.7,False,159.33
세척사과,3,492,338.5,False,155.0
구강유산균m18,14,259,111.2,False,154.75
표고버섯,4,491,338.7,False,154.33
돼지갈비,13,400.2,257.5,False,149.2
화과자,4,448,303,False,147.0
깐포도,13,321.2,184.4,False,143.32
매스틱,6,391,252.8,False,141.2
프로틴,9,415.5,282,False,138.0
히카마,13,205.8,75.6,False,136.68
의성마늘,8,448,317.1,False,134.86
상황버섯쌀,5,376,245.2,False,133.25
매실장아찌,11,381,255,False,131.5
뉴케어고단백,14,416,294.4,False,128.62
우삼겹,7,462,341,False,124.5
잣,5,474.5,353.7,False,123.33
호랑이콩,15,184,70.1,False,121.38
비피더스유산균,12,412.5,297.4,False,121.12
종가집포기김치,13,419.6,305.6,False,120.48
오트밀,15,257.4,145.6,False,119.3
자보티바,7,473,357.2,False,119.3
믹스커피,13,383.1,270.5,False,119.14
냉동닭가슴살,4,475.5,358.5,False,119.0
떡케이크,5,466.2,350,False,118.75
다크초콜릿,11,373.7,260.6,False,118.57
샐러드,10,404.8,292.8,False,116.92
아스파라거스,6,383,269.5,False,116.5
센트룸,10,438,330.1,False,112.86
소고기,3,489.5,379,False,112.0
수향미20kg,2,472,361,False,112.0
정관장,15,266.3,162,False,111.79
아임비타이뮨샷,5,393.2,284,False,111.75
야채도사,15,139,34.9,False,111.62
캐슈넛,12,398.5,296.4,False,108.12
감자10kg,9,396,293.7,False,106.83
삼백초추출물,8,358,256,False,106.0
국산체리,15,316.4,218,False,105.93
흑염소진액,14,306.7,207.9,False,105.86
홍어,15,346,247.9,False,105.62
제주오메기떡,4,478,374.7,False,105.33
비타민,7,493,393.2,False,103.33
코코넛워터,10,417.7,319.6,False,103.1
렌틸콩,3,472.5,371,False,103.0
얼박사,13,361.2,265,False,102.7
트러플하몽크래커,15,315.9,223.5,False,99.86
참송이버섯,9,434,338.7,False,99.83
씨없는수박,14,371.3,279.7,False,98.57
순살고등어,2,455,358,False,98.0
흑수박,14,345.2,254.2,False,97.92
깐포도통조림,5,480,386.7,False,95.83
청양고추,6,498,406.6,False,94.4
단백질바,14,357.5,271.6,False,92.88
텐텐,15,295.4,211,False,91.93
인삼다당체,3,319,229,False,91.5
참치회,13,339,257.2,False,88.25
새우젓,14,366.7,285.9,False,87.79
열무김치담그는법,6,455,371,False,87.0
떡,15,265.3,187.6,False,85.16
맛조개,14,339.9,262.3,False,84.57
마카,7,308,227.8,False,83.7
닥터린콘드로이친,5,409,329.3,False,82.17
종근당오메가3,10,417,340.1,False,81.86
dem,3,196,116,False,81.5
다슬기,15,145.7,71.9,False,81.34
인삼,3,459.5,381,False,80.0
차돌박이,4,469,391.7,False,79.33
라라스윗,3,470,393,False,78.5
포도,7,490,415.5,False,78.0
신타6,2,494,418,False,77.0
생참치,6,,64.3,True,76.57
궁채,15,132.7,63.9,False,76.34
백골뱅이,10,273.2,202.6,False,75.6
밀키트,14,265.3,196.8,False,75.58
깐마늘,13,395.3,326.7,False,75.12
황태채,15,197.7,130.9,False,74.34
닭발편육,2,,68,True,74.2
알룰로스,15,288.9,222.6,False,73.73
도시락,13,408.3,341.3,False,73.55
쑥개떡,2,428,356,False,73.0
원당,13,285.8,221,False,71.3
모짜렐라치즈,15,195.7,132.1,False,71.09
두부면,15,228,165.5,False,70.0
농심누룽지팝,2,439,370,False,70.0
카누미니마일드,3,463,395,False,69.5
등갈비,6,450,383.6,False,69.4
헛개즙,5,450.5,384,False,69.0
트라피스트딸기잼,2,,121.5,True,68.85
꼼장어,6,474,408.8,False,68.25
보스웰리아,9,417.5,353.8,False,68.2
공심채,1,,129,True,67.6
문어,15,285.6,226.2,False,66.82
유기산마그네슘,3,,153.3,True,66.17
pqq,1,,147,True,65.8
오이지,8,396.5,335.5,False,65.0
콘드로이친1200,15,131.9,75.1,False,64.23
에버콜라겐,11,368,309.4,False,64.1
능이버섯,12,354.4,296.9,False,63.54
단백이,2,,177,True,63.3
쿵딘쌀국수,1,,173,True,63.2
육포,15,224.3,168.8,False,63.04
오징어,15,130,74.6,False,62.88
침향환,15,219,163.6,False,62.88
킹크랩,14,279.3,223.8,False,62.58
담두왕만두,2,,185,True,62.5
통수산,7,255.2,196.7,False,62.08
조선팔도떡집,2,,189.5,True,62.05
식용유,2,461,400,False,62.0
양갈비,2,438,377,False,62.0
피스타치오,13,391.4,336,False,61.9
베지밀,7,454,395.7,False,61.83
볶음너구리,1,,191,True,61.4
샘트리맛병아리콩,10,408.3,352,False,61.33
자연바름,1,,198,True,60.7
토마호크,3,438,379,False,60.5
창억호박인절미,4,464,406,False,60.0
매실10kg,15,118.1,65.8,False,59.89
달걀,3,419,361,False,59.5
한우선물세트,1,,210,True,59.5
브라질너트,5,375,318.2,False,59.25
비타500,13,321.8,269.1,False,59.18
블랙트러플하몽크래커,15,366.1,314.6,False,59.02
보리수열매,6,,244.8,True,58.52
부타만,1,,220,True,58.5
고령개진감자,1,,221,True,58.4
황매실,15,101.3,50.6,False,58.16
바질페스토,3,469,412.5,False,58.0
리팜,2,,230.5,True,57.95
스테비아방울토마토,11,426,373.6,False,57.88
구운란,8,338,284.2,False,57.8
캠핑음식,4,405.7,350,False,57.67
오레오bts,8,,267.8,True,57.23
팔레오240g,2,,239.5,True,57.05
우뭇가사리,2,448,392,False,57.0
샐러드젤리,2,,240.5,True,56.95
맛콩,1,,241,True,56.4
수향미,15,141,92.2,False,56.25
그래놀라,2,494,439,False,56.0
홍산마늘가격,5,,267.6,True,55.74
동결건조콜라겐,1,,254,True,55.1
살구,15,80.9,33.4,False,54.98
답례품,14,353.9,306,False,54.86
사우어크라우트,1,,260,True,54.5
홍산마늘가격한접,6,,286,True,54.4
관절보궁,7,439,388.2,False,54.3
코글루타이드,3,,273.3,True,54.17
불닭소스,14,423.7,376.8,False,53.92
하이퍼셀오메가3,1,,267,True,53.8
사세버팔로윙,3,478,426,False,53.5
부대찌개,2,,277,True,53.3
육개장사발면,9,412,363.2,False,53.25
컵밥,5,419.7,369,False,53.17
원장어,2,,280.5,True,52.95
레스큐라이트액,3,,286,True,52.9
mbp,14,278.6,233.1,False,52.43
반숙란,13,237.2,191.3,False,52.38
육회,9,340,292.2,False,52.3
오뜨애플파이,2,,287.5,True,52.25
난각번호1번,15,326.3,281.6,False,52.16
청계란,2,,289.5,True,52.05
피타브레드,5,,306,True,51.9
하모샤브샤브,1,,291,True,51.4
열무,6,417.3,369,False,51.33
후레쉬베리펑리수,6,464.5,416.5,False,51.0
오리온네이버스토어,1,,295,True,51.0
마시는샐러드,2,,303,True,50.7
하루견과류,1,,298,True,50.7
밴댕이회,4,,316.8,True,50.33
양파,15,123.3,80.5,False,50.29
컵라면,15,231.6,189,False,50.07
무브프리,2,,312,True,49.8
우유,7,441,395,False,49.5
명가꽈배기,1,,310,True,49.5
옛날과자,1,,312,True,49.3
푸룬주스,15,212,170.2,False,49.25
콩나물국밥육수,2,,317.5,True,49.25
상황버섯,3,,323,True,49.2
포기김치,7,,346.1,True,48.89
39갈비,1,,318,True,48.7
위건강엔매스틱,1,,319,True,48.6
26년햇마늘,5,482,436,False,48.5
티니포크카라멜,2,,326,True,48.4
김부각,1,,323,True,48.2
김보람초콜릿,1,,323,True,48.2
홍삼진액,14,304.3,263.2,False,48.08
매실청,15,187.9,147.4,False,47.98
컴프리,2,,331.5,True,47.85
키친노트냉면,1,,327,True,47.8
la갈비,15,215.1,174.9,False,47.77
유기농매실,1,,328,True,47.7
루꼴라,6,424,379.4,False,47.6
철갑상어콘드로이친,1,,329,True,47.6
신비복숭아5kg,3,,340,True,47.5
콘신부타만,5,,350.6,True,47.44
테아닌,15,242.1,202.6,False,47.02
msm,5,,355,True,47.0
생식,1,,335,True,47.0
병어,6,,360.2,True,46.98
과일바구니,1,,336,True,46.9
대원제약콘드로이친킹,1,,338,True,46.7
코끼리마늘,1,,338,True,46.7
유통기한임박,3,477,432,False,46.5
요거트스타터,2,,346.5,True,46.35
제사상차림,8,388.7,346.5,False,46.17
닭갈비,4,442,398,False,46.0
총알오징어,4,,360.2,True,45.98
bnr17유산균,15,145.6,107.1,False,45.95
삼계탕,15,204,165.6,False,45.88
견과류답례품,4,454,410.3,False,45.67
샤오커오라,7,439.5,397.4,False,45.6
단호박,15,215.6,177.9,False,45.2
신비복숭아2kg,4,,368.8,True,45.12
구전죽염,7,428.6,387,False,45.1
육포깡,3,,364,True,45.1
두뇌엔닥터ps맥스,1,,354,True,45.1
편육,4,,370.5,True,44.95
광어지느러미,2,,362.5,True,44.75
옥수수,15,94.9,57.6,False,44.73
한치,7,420,378.8,False,44.7
천사푸드김치10kg,1,,358,True,44.7
고창수박,4,,374,True,44.6
먼치페퍼,1,,360,True,44.5
니프젠,14,390.8,353.4,False,44.46
식혜,2,,367,True,44.3
들기름,15,213.4,176.8,False,44.18
돼지껍데기,1,,365,True,44.0
쌀국수,13,406,368.7,False,43.79
연근,4,,382.2,True,43.77
설탕10kg,3,,377.7,True,43.73
아임비타,3,498,456,False,43.5
귤,3,383,341,False,43.5
코피코커피사탕,14,331.3,294.9,False,43.46
비쵸비,1,,372,True,43.3
템페,2,,377,True,43.3
감자가격10k,2,,379,True,43.1
강봉석명인콩범벅,1,,374,True,43.1
원두,13,382.3,345.9,False,42.98
콤부차,11,402.2,365,False,42.67
낙산균,1,,379,True,42.6
민어,1,,380,True,42.5
시오다래소스,1,,380,True,42.5
하니원멜론,7,,412.6,True,42.24
센시아,1,,383,True,42.2
맹동수박,2,,388.5,True,42.15
쏘팔메토,12,390,353.9,False,42.12
갈치,7,439,400.4,False,42.1
광어지느러미회,1,,386,True,41.9
개선은행잎추출물,1,,386,True,41.9
미국콜라,1,,386,True,41.9
오란다,3,,396.7,True,41.83
올리고당,2,,394,True,41.6
오디즙,4,,404.5,True,41.55
옳곡피스타치오,1,,393,True,41.2
트리플콘드로이친,1,,393,True,41.2
누룽지과자,11,413.2,377.6,False,41.07
뻥튀기,11,424.7,389.1,False,41.04
팽현숙물김치,1,,396,True,40.9
카스올제로,1,,396,True,40.9
효능올리브오일,1,,396,True,40.9
멀티프로바이오틱스,2,,402,True,40.8
감자10키로가격,2,,402,True,40.8
추어탕,1,,400,True,40.5
아사이베리분말,1,,401,True,40.4
시아렉스2.0,2,,406,True,40.4
갈비탕,15,259.9,227,False,40.36
이경제흑염소,2,,407,True,40.3
팔레오파우더,1,,402,True,40.3
창포잎,1,,402,True,40.3
카누,15,147,114.2,False,40.25
드시모네유산균,2,,407.5,True,40.25
리노이드ea-포뮬라,3,,412.7,True,40.23
철분제,4,,418,True,40.2
bts오레오,1,,404,True,40.1
우리콩두부면,3,,414,True,40.1
실큰두부,1,,404,True,40.1
수미감자10kg,1,,405,True,40.0
마늘,15,67.7,35.4,False,39.84
백제쌀국수,3,,418,True,39.7
생블루베리1kg,1,,408,True,39.7
용과,9,444.8,409.6,False,39.65
보리쌀,3,,421,True,39.4
퇴촌토마토,1,,411,True,39.4
컷팅수박,3,,421.3,True,39.37
모발콜라겐,2,,416.5,True,39.35
비타민d,15,162,130.2,False,39.25
월드콘,4,,428.5,True,39.15
델푸릇,1,,415,True,39.0
팽현숙족발,1,,416,True,38.9
통밀빵,1,,417,True,38.8
케어젠코글루타이드,2,,422,True,38.8
ydy베르베린,1,,418,True,38.7
라이코펜,3,,428.7,True,38.63
올리브오일캡슐,10,411.8,378.2,False,38.6
얼려먹는피크닉,1,,419,True,38.6
dem관절영양제,3,149,112,False,38.5
치아바타,1,,423,True,38.2
번데기,1,,423,True,38.2
발사믹식초,14,297.5,266.5,False,38.0
한가위한우선물세트,1,,425,True,38.0
레드키위,1,,426,True,37.9
메밀국수,15,295.4,265.1,False,37.8
먹태,3,,437.7,True,37.73
비정제설탕,2,,433,True,37.7
족구이,2,,433.5,True,37.65
호박팥차,1,,429,True,37.6
소라,3,425,389,False,37.5
액티바이즈,1,,430,True,37.5
찰보리쌀,4,,445.2,True,37.48
오레오호떡맛,2,,438,True,37.2
찰보리,1,,434,True,37.1
조기,2,,440.5,True,36.95
카무트,2,,441,True,36.9
스포츠리서치오메가3,1,,436,True,36.9
상황버섯진액,1,,436,True,36.9
경탁주,1,,438,True,36.7
대구포,1,,440,True,36.5
마늘한접가격,2,,445.5,True,36.45
쏘콕,1,,441,True,36.4
청포도,2,,447,True,36.3
귀리,14,319.2,289.9,False,36.29
연유,1,,444,True,36.1
디카페인원두,2,,450,True,36.0
계피,1,,447,True,35.8
곱창전골,1,,449,True,35.6
서재걸다이어트,1,,451,True,35.4
생맥산,1,,452,True,35.3
개복숭아,15,141.9,114.2,False,35.11
자연원딸기바나나,1,,454,True,35.1
스테비아커피믹스,3,441,407.5,False,35.0
안동백진주쌀,1,,455,True,35.0
피쉬서핑,1,,455,True,35.0
보넬드당근주스,1,,455,True,35.0
돈까스,1,,457,True,34.8
개복숭아가격,2,,463,True,34.7
링티,15,105.9,78.8,False,34.61
팔레오멀티산양유단백질,1,,460,True,34.5
장어,15,178.9,151.9,False,34.48
낙지,3,,471.3,True,34.37
한끼통살,3,,471.3,True,34.37
제스프리골드키위,1,,462,True,34.3
설탕,15,180.3,153.6,False,34.16
홍감자,15,69,42.4,False,34.12
무뼈닭발,1,,466,True,33.9
참외꿀가정용,1,,466,True,33.9
바르온삼계탕,1,,466,True,33.9
기버터,8,459,429.1,False,33.86
칼마디,1,,467,True,33.8
펩시제로라임,2,,472.5,True,33.75
도라지청,1,,469,True,33.6
훈제연어,1,,470,True,33.5
포카리스웨트500,1,,470,True,33.5
설날한우선물세트,1,,471,True,33.4
하리보젤리,2,,478,True,33.2
호두과자답례품,1,,473,True,33.2
소등골,1,,474,True,33.1
게토레이,1,,476,True,32.9
고기,1,,477,True,32.8
현미,1,,478,True,32.7
황태채1kg,1,,478,True,32.7
바위굴,1,,479,True,32.6
엘리게이터파이,1,,479,True,32.6
문경사과,1,,481,True,32.4
건빵,1,,481,True,32.4
다이어트식단,1,,481,True,32.4
실온닭가슴살,5,448,418.2,False,32.25
0.25l올리브오일,1,,483,True,32.2
컵누들,1,,484,True,32.1
클로렐라,1,,486,True,31.9
포도당캔디,1,,487,True,31.8
망고수박,1,,488,True,31.7
뉴케어당플랜,15,211.3,187.1,False,31.66
기정떡,1,,492,True,31.3
밥스누파이토100,1,,493,True,31.2
라면,15,201.1,177.5,False,31.14
하이퍼셀대마종자유,11,230.8,205.2,False,31.13
매일두유,1,,494,True,31.1
유기농황매실,1,,496,True,30.9
우곡수박,1,,496,True,30.9
아미산쑥티,1,,497,True,30.8
햇반210g36개,1,,497,True,30.8
햇옥수수,1,,498,True,30.7
커피,1,,498,True,30.7
햇감자,14,279.2,255.5,False,30.67
마시는견과류,1,,499,True,30.6
농심가락짜장,1,,500,True,30.5
hw-3,1,,500,True,30.5
트라피스트잼,1,,500,True,30.5
청주미친만두,1,,500,True,30.5
체리,15,40.7,17.9,False,30.34
고등어,15,209.3,186.8,False,30.04
혼합잡곡,4,463.5,435.5,False,30.0
하루견과,15,73.6,51.6,False,29.45
약과,5,364.7,338,False,29.17
사미헌갈비탕,11,355.3,331.8,False,29.08
파워그레인,2,440,412,False,29.0
사탕,5,435.5,409.3,False,28.67
눈영양제,14,319.9,299,False,27.86
실비김치,8,356,332.2,False,27.8
신비복숭아,15,76.7,56.9,False,27.34
감동란,7,420.7,397.2,False,26.92
아몬드,15,97.1,78.4,False,26.27
냉동아보카도,3,395,370.5,False,26.0
자두,15,85.9,67.4,False,25.98
뼈엔엠비피mbp,15,228.3,209.9,False,25.91
하겐다즈,11,350.8,330.6,False,25.68
커피믹스,15,153.1,135.1,False,25.52
마그네슘영양제,15,238.1,220.1,False,25.52
아몬드브리즈,15,233.3,216.1,False,24.66
곱창김,15,224.7,207.6,False,24.59
비정제원당,15,106.7,89.9,False,24.34
수미감자,9,413.5,393.8,False,24.2
복분자,15,37,20.4,False,24.12
임박식품,2,487,464,False,24.0
굴비,2,384,361,False,24.0
멜라토닌,15,118.4,102.1,False,23.8
도미솔김치,15,280.3,264,False,23.79
삼다수500ml,15,207.9,191.6,False,23.73
호두,15,134.4,118.4,False,23.55
미역귀,3,431,409,False,23.5
아르기닌,15,171.7,155.8,False,23.46
리포좀글루타치온,13,297.1,280.3,False,23.31
땅콩,14,280.5,264.6,False,22.88
강황가루,14,257.8,242,False,22.83
비트즙,15,314.6,299.2,False,22.82
소비기한,3,408,387,False,22.5
생새우,15,104.1,89.2,False,22.39
키위,11,377.8,361.2,False,22.13
약밥,11,360,343.8,False,21.67
cca주스,15,134.6,120.5,False,21.57
진미채,15,116.4,102.5,False,21.43
국내산순살참돔,5,194,175.2,False,21.25
미숫가루,15,126.9,113.1,False,21.23
구강유산균,15,191.9,178.1,False,21.23
불닭볶음면,6,445,427.2,False,20.75
닷사이23,15,275.7,262.5,False,20.71
도가니탕,5,449,431.2,False,20.25
정관장홍삼정,2,497,478,False,20.0
알부민,15,74.4,62,False,19.93
멜론,15,88.6,76.9,False,19.2
산토리위스키,5,442.3,426,False,18.83
김,13,367,355,False,18.5
코인육수,14,329.9,318.9,False,18.0
레이니어체리,2,500,483,False,18.0
샤오커오라사탕,15,105.4,95,False,17.93
삼겹살,15,154.3,143.9,False,17.91
밀크씨슬,15,78.7,68.4,False,17.84
천안수신메론,7,354,339.7,False,17.83
반찬,13,276.8,265.6,False,17.68
고구마,15,100.1,90.2,False,17.39
상추,11,347.1,335.5,False,17.14
이클립스,15,134.6,125.4,False,16.7
치아씨드,10,411.1,399.7,False,16.48
수향미10kg,15,50.6,41.6,False,16.45
마시는하루견과,2,192,177,False,16.0
돌체구스토캡슐,8,425.4,413.7,False,15.73
민물장어,12,334,324.8,False,15.17
계란30구,15,206.6,199,False,15.07
참기름,15,94.9,87.6,False,14.73
무알콜맥주,15,277.1,270,False,14.64
파프리카,3,385,372,False,14.5
홍매실,15,157.7,150.9,False,14.34
닭다리살,15,110.6,103.8,False,14.32
홍삼정,15,338.6,332,False,14.07
마그네슘,15,21,14.8,False,13.75
아몬드가루,4,382.5,371.5,False,13.0
경옥고,2,500,488,False,13.0
조선호텔김치,15,54.4,49,False,12.93
코스트코치즈,8,386.7,377.8,False,12.87
냉동블루베리,15,51.3,46.5,False,12.29
복숭아,15,40.6,36,False,12.07
호관원,5,435.5,426,False,12.0
오디,15,16.4,12,False,11.93
마른오징어,15,163.1,159.4,False,11.27
비에날17유산균,15,104.4,100.8,False,11.18
단백질음료,15,109.1,105.5,False,11.14
토마토주스,2,483,473,False,11.0
오메가3,15,8.9,5.9,False,10.48
견과류,15,80.9,78,False,10.36
참치캔,15,194.1,191.5,False,10.14
생강청,3,362.5,354,False,10.0
두리안,15,112.1,109.8,False,9.89
정관장에브리타임,15,187.7,185.5,False,9.71
계란,15,15.3,13.1,False,9.66
루테인,15,23.1,21,False,9.64
땅콩버터,15,122,120,False,9.5
정관장홍삼,3,486,478,False,9.5
안동학가산김치,15,359.3,357.4,False,9.41
스팸,10,369.6,365.4,False,9.2
블루베리,15,16.4,14.8,False,9.18
무늬오징어,15,161.7,160.1,False,9.09
맥심모카골드400,13,257.4,255,False,8.93
피크노제놀,15,223.3,221.9,False,8.91
서리태,15,315.1,313.8,False,8.89
콘드로이친,15,35.9,34.5,False,8.86
블루베리즙,15,209.6,208.2,False,8.82
단백질쉐이크,15,107.6,106.4,False,8.7
두유,15,27.7,26.6,False,8.59
감자,15,14.3,13.4,False,8.41
토마토,15,45.6,44.9,False,8.2
닭가슴살,15,4,3.5,False,8.0
열무물김치,6,355.7,350.7,False,8.0
수박,15,6.6,6.1,False,7.95
참외10kg,15,29.9,29.5,False,7.86
깻잎,12,345.8,344,False,7.83
녹용,15,315.7,315.5,False,7.71
토마토즙,15,103.4,103.2,False,7.68
콜라겐,15,16.6,16.5,False,7.57
매실,15,1,1,False,7.5
쌀20kg,15,2.7,2.8,False,7.46
쌀10kg,15,3.4,3.5,False,7.43
방울토마토,15,167.9,168,False,7.36
서리맥스,15,231.7,231.9,False,7.34
올리브오일,15,19.4,20,False,6.93
쌀과자,5,409.3,405,False,6.83
김치,15,69,69.9,False,6.62
냉동도시락,10,402.3,400.7,False,6.62
망고스틴,10,352.2,350.8,False,6.42
구운계란,15,51.6,52.9,False,6.2
검은콩두유,15,182.3,183.6,False,6.16
산딸기,15,14.1,16.2,False,5.39
그릭요거트,15,34.9,37.2,False,5.11
애플망고,4,442,439,False,5.0
깐매실,15,96.6,99.4,False,4.7
라인바싸탄산수,9,278.1,278,False,4.64
글루타치온,15,256.7,259.6,False,4.59
생수,15,15.6,18.5,False,4.57
기한,11,248.7,249.8,False,4.37
오르조,6,398,396.7,False,4.33
냉동새우,6,393.2,392,False,4.25
pm쥬스,4,448,446,False,4.0
국산참기름,7,192,191.5,False,4.0
비에날씬,2,453,450,False,4.0
양파즙,15,290.9,294.4,False,3.98
흑마늘진액,10,390.6,392,False,3.6
오르조보리차,5,426,425,False,3.5
찹쌀누룽지과자,15,34,38.4,False,3.12
양대파,6,267,,False,3.0
락토핏코어맥스,6,373.3,,False,3.0
나인플레이트견과류,6,266,,False,3.0
마늘가루,6,417.7,,False,3.0
남고매실,6,455.2,,False,3.0
대게,5,368.5,368,False,3.0
화요,2,397,395,False,3.0
포카리스웨트,15,75.7,80.2,False,2.96
곤약젤리,15,279.7,284.4,False,2.84
절임배추,10,400.8,403,False,2.8
유산균,15,34.7,39.5,False,2.71
장신몰,5,236,,False,2.5
오징어알,5,327.2,,False,2.5
아리라면,5,397.6,,False,2.5
킹유산균,5,385.4,,False,2.5
킹2개월분,5,437,,False,2.5
다이어트보조제,3,492,491,False,2.5
쑥가루,4,391.3,391,False,2.33
콩국물,4,363.5,,False,2.0
나인플레이트넛츠,4,330,,False,2.0
몬스터에너지,4,443.2,,False,2.0
한가인견과류,4,348,,False,2.0
백합,4,372.8,,False,2.0
맛밤,6,347,348,False,2.0
솔티스혈관클리어,4,383.8,,False,2.0
클룹애사비소다,6,416.5,417.5,False,2.0
참외,15,9.9,15.5,False,1.86
참치,15,317,323,False,1.5
땅지기딸기잼,3,298,,False,1.5
네스프레소호환캡슐,3,285.3,,False,1.5
서목태약콩콩물,3,340,,False,1.5
프리바이오틱스,3,392,,False,1.5
성풍isp,3,385.7,,False,1.5
스파클2l,3,458,,False,1.5
알파4500,3,469.3,,False,1.5
푸드올로지,3,457,,False,1.5
에고비솔루션,3,447,,False,1.5
킹프로바이오틱스,3,391.7,,False,1.5
돼지감자,3,376,,False,1.5
찹쌀누룽지,3,393,,False,1.5
솔티스눈영양제,3,364.7,,False,1.5
학가산김치,14,227.1,232.7,False,1.43
뉴케어,15,35.6,41.8,False,1.32
갈색설탕15kg,12,342.6,347.4,False,1.17
듀얼플랜유산균,2,358,,False,1.0
파워에이드,2,297,,False,1.0
김가루,3,429.5,430,False,1.0
고창복분자분말,2,264,,False,1.0
파라다이스그레인플러스,2,374.5,,False,1.0
조은상사닭꼬치,2,430.5,,False,1.0
벌집꿀,2,421,,False,1.0
비비고연어스테이크,2,452.5,,False,1.0
셀렉스프로틴,2,453.5,,False,1.0
에너지바,2,465,,False,1.0
콩잎,2,401.5,,False,1.0
새조개,2,447,,False,1.0
창억떡호박인절미,2,441.5,,False,1.0
블랙보리,2,456,,False,1.0
만두,2,455,,False,1.0
광양매실,2,406,,False,1.0
알티지1400,2,213.5,,False,1.0
유케어,2,413.5,,False,1.0
백일떡,2,413,,False,1.0
순대,2,413,,False,1.0
1400오메가3,2,350,,False,1.0
제주애플망고,2,472.5,,False,1.0
해주냉면,2,464.5,,False,1.0
내몽골치즈,2,190,,False,1.0
육개장,2,202,,False,1.0
거문도해풍쑥가루,2,402,,False,1.0
솔바위팜,2,343.5,,False,1.0
퀘르세틴,2,392,,False,1.0
라인바싸,2,408.5,,False,1.0
엑스트라버진올리브오일,2,485,485,False,1.0
홀리데이즈스틱14호,2,432,,False,1.0
올록담올리브3,2,335.5,,False,1.0
순살갈치,2,378,,False,1.0
아사이베리,2,364,,False,1.0
붕어싸만코,2,404.5,,False,1.0
퀴노아,2,68.5,,False,1.0
식물성멜라토닌,2,334,,False,1.0
곰곰부어스트,2,340.5,,False,1.0
하겐다즈파인트,2,455,,False,1.0
송이버섯,2,447,,False,1.0
미담채짜장분말,2,322.5,,False,1.0
왁스캔디,2,419.5,,False,1.0
올리브,2,425,,False,1.0
무화과,2,366.5,,False,1.0
황어스낵,2,471,,False,1.0
다슬기해장국,2,413,413,False,1.0
열무김치,15,112.9,119.6,False,0.73
냉면,15,61.6,68.4,False,0.7
포스파티딜세린,15,58.4,65.4,False,0.55
사과,15,24.3,31.2,False,0.54
잇츠그릭,1,204,,False,0.5
한효주김,1,270,,False,0.5
소문난할아버지김,1,287,,False,0.5
냉동삼겹살,1,323,,False,0.5
젤리스트로우,1,326,,False,0.5
농가식품열무김치,1,345,,False,0.5
수박주스,1,382,,False,0.5
아그로수퍼,1,394,,False,0.5
떡볶이,1,398,,False,0.5
이천쌀10kg,1,410,,False,0.5
원,1,455,,False,0.5
칠성사이다,1,464,,False,0.5
양짓말고기왕만두,1,481,,False,0.5
파로쌀,1,483,,False,0.5
포카리스웨트1.5,1,484,,False,0.5
해남고구마,1,485,,False,0.5
담백하루오메가3,1,495,,False,0.5
멀티파우더산양유단백질,1,496,,False,0.5
김명수젓갈,1,153,,False,0.5
벚꽃꿀,1,216,,False,0.5
떡갈비,1,291,,False,0.5
벌꿀,1,294,,False,0.5
옛날바나나과자,1,303,,False,0.5
카라향,1,317,,False,0.5
김파파프리미엄맛김,1,421,,False,0.5
반건조갑오징어,1,460,,False,0.5
메가도스비타민c,1,476,,False,0.5
쉬잔세틴,1,478,,False,0.5
일본과자,1,496,,False,0.5
프로바이오틱스유산균,1,499,,False,0.5
알티지맥스,1,294,,False,0.5
스틱홀리데이즈100%,1,319,,False,0.5
팥빙수,1,328,,False,0.5
닥터머레이테라큐민슈퍼,1,381,,False,0.5
메가도스3000,1,395,,False,0.5
누들컬,1,415,,False,0.5
덴프스유산균,1,426,,False,0.5
640ml생강차,1,446,,False,0.5
딸기잼,1,450,,False,0.5
맛다시,1,451,,False,0.5
산양산삼산삼,1,456,,False,0.5
명품한우,1,460,,False,0.5
전갱이회,1,462,,False,0.5
냉면사리,1,492,,False,0.5
다이어트유산균,1,493,,False,0.5
휘낭시에,1,209,,False,0.5
마타카나슈퍼푸드,1,218,,False,0.5
곱슬케일,1,385,,False,0.5
밤고구마,1,395,,False,0.5
전통주,1,398,,False,0.5
질미네랄유산균,1,399,,False,0.5
우주인피자,1,405,,False,0.5
고수,1,412,,False,0.5
토마토10kg,1,421,,False,0.5
자몽,1,430,,False,0.5
청만이네산지직송,1,431,,False,0.5
아롱사태,1,442,,False,0.5
비트,1,460,,False,0.5
퍼센트솔트,1,464,,False,0.5
못난이참외10kg,1,470,,False,0.5
백합조개,1,476,,False,0.5
주름미더덕쌈젓,1,479,,False,0.5
스타벅스원두,1,486,,False,0.5
파비플로라,1,166,,False,0.5
솔리논필,1,218,,False,0.5
조개,1,220,,False,0.5
골다공증예방,1,258,,False,0.5
순수식품,1,269,,False,0.5
청송사과,1,302,,False,0.5
구슬아이스크림,1,358,,False,0.5
샐러리,1,365,,False,0.5
춘풍접객,1,382,,False,0.5
유청28g,1,423,,False,0.5
클룹,1,426,,False,0.5
프링글스,1,427,,False,0.5
홍일백간장,1,428,,False,0.5
보리차원액,1,435,,False,0.5
글루코섬균,1,444,,False,0.5
멀티2개산양유단백질,1,452,,False,0.5
아이솔레이트1개,1,464,,False,0.5
우베파우더,1,466,,False,0.5
살치살,1,474,,False,0.5
해바라기씨,1,478,,False,0.5
그린아세로라1000,1,480,,False,0.5
송주불냉면,1,482,,False,0.5
야끼만두,1,495,,False,0.5
캐나다맥스오메가3,1,498,,False,0.5
가나안염통꼬치,1,499,,False,0.5
복분자분말,1,162,,False,0.5
유산균100억,1,218,,False,0.5
트리펩타이드콜라겐,1,284,,False,0.5
파이토케미컬,1,292,,False,0.5
멕시코감자,1,330,,False,0.5
밥순삭꽃게야,1,342,,False,0.5
추석한우,1,363,,False,0.5
백년화편밥알쑥떡,1,370,,False,0.5
비타민b컴플렉스,1,381,,False,0.5
흑도라지청도라지청,1,398,,False,0.5
담꽃구운찰떡,1,401,,False,0.5
서령우담육포,1,405,,False,0.5
올바른그레인,1,407,,False,0.5
내몸가벼움식이섬유,1,415,,False,0.5
1개입생강차,1,441,,False,0.5
전라도2kg,1,451,,False,0.5
반건시곶감,1,465,,False,0.5
한가위한우,1,479,,False,0.5
반건조양태,1,482,,False,0.5
베이비리마빈,1,483,,False,0.5
여에스더글루타치온,1,485,,False,0.5
제슈비,1,488,,False,0.5
코코넛오일,1,490,,False,0.5
사과10kg,1,495,,False,0.5
시나노골드사과,1,497,,False,0.5
난각막,1,140,,False,0.5
베르가못,1,146,,False,0.5
호두정과,1,175,,False,0.5
두바이쫀득쿠키,1,243,,False,0.5
쭈꾸미,1,258,,False,0.5
쫀득쿠키,1,267,,False,0.5
강황,1,382,,False,0.5
건새우,1,418,,False,0.5
담금주,1,420,,False,0.5
한만두,1,430,,False,0.5
과메기,1,431,,False,0.5
생와사비,1,435,,False,0.5
쿠키답례품,1,439,,False,0.5
남가네설악추어탕,1,462,,False,0.5
모모야라유,1,465,,False,0.5
청국장,1,478,,False,0.5
캐라넷,1,486,,False,0.5
2026년매실가격,1,490,,False,0.5
보이차,15,296.6,303.6,False,0.45
광동침향환,13,371.2,377.6,False,0.07
레몬즙,15,27,34.5,False,0.0
킹500mg,6,441,444,False,0.0
탄산수,15,7.1,14.9,False,-0.23
치즈,5,438,440.8,False,-0.25
꼬꼬면,9,286.5,291.3,False,-0.33
포카리스웨트340,15,298,305.9,False,-0.38
소곱창,11,320.4,326.5,False,-0.6
찹쌀,15,293.3,302,False,-1.21
레몬,13,295.2,303,False,-1.3
올레샷,14,318.3,326.8,False,-1.42
닭꼬치,3,419,422,False,-1.5
초당옥수수,15,38,47.2,False,-1.75
노을멜론,13,345.8,354.4,False,-2.1
홀그레인머스타드,12,369.4,377.7,False,-2.31
잡곡,4,371,375.5,False,-2.5
활새우,14,146.7,156.2,False,-2.58
블랙커민,6,348.3,354,False,-2.67
시서스,3,303,307.5,False,-3.0
양배추즙,15,80.1,90.8,False,-3.11
병아리콩,15,50.6,61.2,False,-3.18
커큐민,15,79.7,90.6,False,-3.41
비타민c,15,27.6,38.5,False,-3.43
카무트효소,15,32.3,43.2,False,-3.46
코피코사탕,4,431,437,False,-4.0
맥심모카골드,15,50.6,62.4,False,-4.3
뉴케어구수한맛,15,42,54,False,-4.5
삼다수,15,84.4,97,False,-5.07
임박,15,32.1,44.9,False,-5.23
삼다수2l,15,146.7,159.8,False,-5.54
신동진쌀,5,452.3,460.5,False,-5.67
베르베린,15,152.4,165.6,False,-5.7
당근,15,133.1,146.4,False,-5.73
바지락,6,408.2,417,False,-5.75
멸치,12,300.8,312.5,False,-5.75
코엔자임q10,15,158,171.4,False,-5.88
락토핏골드,9,370,380.6,False,-6.1
쌀,15,104.3,118.1,False,-6.34
마카다미아,15,176.6,191.2,False,-7.18
코코넛밀크,12,337.4,351.4,False,-7.97
마누카꿀,14,308.9,324.3,False,-8.43
망고,15,57,73.1,False,-8.62
창억떡,15,21.7,38,False,-8.79
락토핏유산균,15,114.9,131.5,False,-9.14
납작복숭아,13,333.6,349.2,False,-9.15
올리브유,15,211.4,228.4,False,-9.45
족발,12,321.6,337.1,False,-9.54
된장,10,356.4,371.4,False,-10.0
맥심화이트골드,15,183.4,201.2,False,-10.32
컬리케일,3,286,298,False,-10.5
프로폴리스,15,96,114.2,False,-10.75
당근주스,15,200.9,219.2,False,-10.89
반건조오징어,15,179.3,198,False,-11.21
멸균우유,15,35.6,55.4,False,-12.3
상견례선물,4,431,445.7,False,-12.67
성게알,6,384,400,False,-13.0
우니,9,352.8,370.4,False,-13.15
쑥인절미,6,376.5,393,False,-13.5
라면스프,14,343.3,364.4,False,-14.14
코큐텐,15,212.7,234.9,False,-14.66
코피코,6,425,443.5,False,-15.5
크레아틴,15,251.4,274.9,False,-15.95
루테인지아잔틴,15,101.4,125,False,-16.07
전복,15,155.1,179.1,False,-16.48
마늘쫑,15,31.9,56,False,-16.64
바나나,4,429,447.7,False,-16.67
맥심커피믹스,8,428.2,449.2,False,-17.0
훈제오리,3,384,402.5,False,-17.0
샤인머스켓,13,231.4,255.1,False,-17.22
누룽지팝,15,201.7,226.6,False,-17.41
구포국수,4,428,448.3,False,-18.33
오이지오이50개,5,387,408,False,-18.5
오징어순대,4,373,394,False,-19.0
덴마크유산균,15,170.1,196.8,False,-19.11
애사비,15,109,135.8,False,-19.25
햇마늘,10,337.5,362.5,False,-20.0
맥심화이트골드400,4,368,390,False,-20.0
꽃게,15,78.9,106.6,False,-20.27
생블루베리,7,379,403,False,-20.5
하스카프베리,14,180.7,208.6,False,-20.86
솔티스,11,353.1,379.5,False,-20.86
오미자청,11,343,369.6,False,-21.1
명가삼대떡집,15,169.7,198.8,False,-21.54
양배추환,10,359.7,386.2,False,-21.58
설탕15kg,15,77.9,107.2,False,-21.89
낫또,15,153.4,182.9,False,-21.95
프렌치카페커피믹스,14,300.9,330.1,False,-22.29
과자,8,317,344.3,False,-23.29
무설탕캔디,3,435,460,False,-23.5
가리비,6,335.7,362.3,False,-23.67
산삼,2,427,452,False,-24.0
밤호박,10,303.8,332.8,False,-24.08
nmn,3,239.5,266,False,-25.0
정호영손질왕낙지,2,438,464,False,-25.0
미니오이,12,323.7,355.6,False,-25.89
레드와인비니거,12,95.6,127.6,False,-26.03
생수2l,15,90.4,124,False,-26.07
자일리톨스톤,11,363.2,395,False,-26.25
완두콩,15,35.1,69.5,False,-26.86
오이지오이,14,317.6,351.4,False,-26.86
라인바싸탄산수40,7,290.5,321,False,-27.0
죽순,15,266.9,301.8,False,-27.39
총각김치,11,380.3,414,False,-28.17
애플초당옥수수,5,392,424,False,-29.5
생새우회,15,245.6,282.6,False,-29.55
씨뺀매실,5,394.5,427,False,-30.0
그린아세로라,2,400,431,False,-30.0
메밀면,15,256.6,294.4,False,-30.3
즉석밥,3,434,466,False,-30.5
오이,15,37.4,75.5,False,-30.57
냉면육수,15,82,120.4,False,-30.88
비오틴,10,294.3,330.9,False,-31.52
고추장,15,187,226.5,False,-32.0
26년햇감자,6,384,419,False,-32.0
들깨가루,6,396.7,432.3,False,-32.67
유기농레몬즙,12,310,348.8,False,-32.8
버터,15,112.7,153.1,False,-32.91
아보카도,13,229,269,False,-33.5
브로콜리,5,382.5,419.3,False,-34.33
애터미헤모힘,4,353,389.5,False,-34.5
홍삼,15,214.7,257.5,False,-35.29
대추방울토마토,8,312.1,352,False,-35.86
아이스크림,15,83,126.4,False,-35.88
빅토리아탄산수,15,125.6,169,False,-35.93
맥반석계란,2,459,496,False,-36.0
고구마말랭이,13,328.8,371.5,False,-36.2
황성주생식,13,282.4,325.4,False,-36.48
누룽지,15,128.9,172.9,False,-36.52
고구마칩,8,367,407.6,False,-36.6
비쵸비말차,2,403,441,False,-37.0
레모너리,15,231.9,276.6,False,-37.27
꿀,15,156,201.4,False,-37.88
갑오징어,15,134.1,179.6,False,-37.98
g7블랙커피,15,202.3,248.1,False,-38.34
쌀5kg,3,440,480,False,-38.5
골드키위,10,387.8,431.5,False,-38.67
꽃보다오징어,14,241.7,287.4,False,-38.71
생수500,15,120.1,166.4,False,-38.73
임성근냉면,2,325,365,False,-39.0
라라누룽지,15,249,295.6,False,-39.12
장사의신쇼핑몰,15,22.9,70.1,False,-39.77
삼육두유,15,162.7,210.2,False,-40.04
파라다이스그레인,15,120.9,168.8,False,-40.39
닭가슴살볶음밥,3,372,414,False,-40.5
분다버그,6,382.7,426.7,False,-41.0
보리굴비,15,303.1,352.1,False,-41.48
멸균우유1l12개,4,413.5,457,False,-41.5
안동간고등어,3,397,440.5,False,-42.0
알파cd,15,99.9,149.4,False,-42.02
고려은단비타민c,2,199,243,False,-43.0
코스트코올리브오일,12,376.3,425.4,False,-43.11
고춧가루,6,430,477,False,-44.0
요습관,15,275.9,327.4,False,-44.02
종합비타민,15,278,330,False,-44.5
고려은단비타민c1000,15,136.3,188.6,False,-44.84
신라면,15,208.1,260.6,False,-44.98
연어,12,267.8,321.3,False,-47.49
차전자피,14,161.7,216.2,False,-47.58
참소라,6,300,352.2,False,-49.2
코카콜라,15,376.9,433.6,False,-49.27
멍게,2,316,367,False,-50.0
루노비전,2,390,441,False,-50.0
전투식량,15,139.1,197.1,False,-50.48
박카스,14,245.1,302.7,False,-50.57
간장게장,15,213.4,271.6,False,-50.7
에너지젤,9,359.5,415,False,-51.0
더덕,9,367.2,422.8,False,-51.05
두쫀쿠,15,244.7,303.5,False,-51.29
새우,14,262.3,320.9,False,-51.54
고래사어묵,9,332.5,388.7,False,-51.67
명란젓,14,329,388,False,-52.0
파로,12,311,369.2,False,-52.2
토종닭,3,353,407,False,-52.5
쪼갠매실,13,196.8,256.1,False,-52.81
포켓몬빵,15,123.1,183.6,False,-52.98
매일두유99.9,15,329,389.6,False,-53.12
멸균우유1000ml,3,433.5,489,False,-54.0
다이어트도시락,3,212,267.5,False,-54.0
호박즙,15,244.9,307.2,False,-54.89
폴리코사놀,7,302.5,361,False,-55.0
닭발,3,438,495,False,-55.5
동원참치,4,433,491,False,-56.0
락토핏,9,354.6,415.2,False,-56.15
수신메론,15,199.6,263.4,False,-56.3
곱창,4,389,447.3,False,-56.33
시오콘부,15,162.9,227.2,False,-56.89
맥주효모,15,127.9,195.2,False,-59.89
햇반,15,73.1,141.5,False,-60.86
돈시몬레몬즙,6,392.7,457,False,-61.33
포카리스웨트분말,9,352.8,418.8,False,-61.45
원두커피,7,353.5,418.6,False,-61.6
마가보감,2,402,465,False,-62.0
앵커버터,15,268.3,338,False,-62.21
일리커피캡슐,3,334,398,False,-62.5
팔도비빔면,3,425,489,False,-62.5
이뮨멀티비타민,5,407,472.5,False,-63.0
비타민b,15,269.1,339.8,False,-63.11
오쏘몰이뮨,15,191.7,262.4,False,-63.16
방탄커피,3,417,482,False,-63.5
쑥떡,15,183.7,254.9,False,-63.66
한우,5,357.7,424,False,-63.83
오미자,5,404,470.3,False,-63.83
2kg김치,3,356,422,False,-64.5
명이나물,9,281.7,351,False,-64.83
죽염,9,352,422.5,False,-66.0
용융소금,14,299.7,372.8,False,-66.08
골드카무트효소,5,356,425,False,-66.5
단백질보충제,14,290.8,364.9,False,-67.04
대마종자유,15,116.7,191.4,False,-67.16
청매실10kg,7,382.5,453.4,False,-67.4
말차,6,340.3,412,False,-68.67
소갈비살,7,329,402.2,False,-69.67
가시제거연구소,11,299.2,375,False,-70.33
아보카도오일,15,217.4,295.8,False,-70.82
나인플레이트,15,134.9,214,False,-71.64
쥐포,15,175.4,254.8,False,-71.82
케라넷,2,121,194,False,-72.0
호박씨,10,353.5,430.7,False,-72.17
오렌지,15,77.7,158.1,False,-72.91
이노시톨,14,306,386.5,False,-73.5
캔커피,14,221,302.5,False,-74.5
크림치즈,11,325.2,405.8,False,-75.13
엘레나유산균,5,388,466,False,-75.5
결혼식답례품,7,315.4,394.5,False,-75.6
파김치,10,376.7,457.7,False,-75.95
청매실,15,79.4,163.9,False,-76.95
핫식스,7,342.8,423.3,False,-77.08
질유산균,15,121.6,206.4,False,-77.3
임성근갈비탕,3,389,468.5,False,-78.0
효소,9,227,309.6,False,-78.1
미니밤호박,4,335,415.3,False,-78.33
콩물,13,331.4,418.3,False,-80.4
공진단,5,324.5,409,False,-82.0
굴소스,4,365,450.5,False,-83.5
임성근삼계탕,2,341,427,False,-85.0
캡슐레이션효소,4,229.3,317,False,-85.67
뉴케어올프로틴,12,293.6,385.8,False,-86.23
식염포도당,11,207.2,299,False,-86.3
이온음료,9,294.6,385.5,False,-86.4
로얄살루트21,5,326,418.5,False,-90.0
네스프레소캡슐,14,300.7,398.9,False,-91.14
새우포,13,151.7,249.5,False,-91.29
울릉도맛간장,5,281.3,377,False,-93.17
찰보리빵,6,342.7,441.3,False,-95.67
err731,2,273,372,False,-98.0
햇반210g,3,387,486.5,False,-98.0
삼백초,8,288,391.6,False,-99.6
비파열매,7,373.2,476.5,False,-99.8
생수500ml,10,276,381,False,-100.0
더복력가격,9,339.2,443.7,False,-100.0
딥나잇멜라시럽,3,390,496,False,-104.5
아임리얼블루베리,2,347,453,False,-105.0
히비키,2,294,401,False,-106.0
서리태콩물두유,10,316.3,428.2,False,-106.92
나랑드사이다,4,341.7,451,False,-107.33
카누아메리카노,11,365.8,479.4,False,-108.07
닥터머레이커큐민,5,276,390.5,False,-112.0
리포좀비타민c,15,152.6,274.2,False,-114.18
스틱도라지청,9,319,438.3,False,-114.83
그래니샐러드,4,373.7,491,False,-115.33
닥터머레이테라큐민,8,242,363.5,False,-117.5
쯔유,11,305.2,429.6,False,-118.93
봄날엔,9,338.5,462.3,False,-119.33
딸기,14,159.6,286.3,False,-119.71
홍삼스틱,4,339.3,464,False,-122.67
버터떡,6,337.7,466.7,False,-126.0
무가당두유,6,267,397,False,-127.0
nmn영양제,10,214,348.7,False,-129.71
하스카프베리분말,2,323,458,False,-134.0
성주참외10kg,6,318,459,False,-138.0
빼빼주스,6,165.3,307,False,-138.67
비타민b3,10,326.3,474.8,False,-143.42
묵은지,7,323.8,471.3,False,-144.08
조니워커블루라벨,9,253,402.7,False,-145.17
아카시아꿀,4,306.5,462.5,False,-154.0
호두정과답례품,3,238,394,False,-154.5
제니쿠키,6,210,367.7,False,-154.67
홍게,15,169.6,332.1,False,-155.05
멀티비타민,14,137.4,301.7,False,-157.29
피스타치오스프레드,5,174,336,False,-159.5
맥문동,6,279.3,443.7,False,-161.33
커피원두,6,279,451.6,False,-169.6
복만네콩가루,6,264,440.2,False,-173.2
팔도비빔면kbo,8,225.5,407.7,False,-178.17
장사의신밀키트,14,149.9,339.1,False,-182.29
암꽃게,8,254.4,445.7,False,-187.27
하이퍼셀코엔자임q10,7,176.3,367.2,False,-187.42
하카마,4,250.7,443,False,-190.33
삼백초lhf618,5,136.3,330.5,False,-191.67
장사의신장신몰,15,144.9,348.8,False,-196.39
프로바이오틱스,6,221.6,421,False,-196.4
찹쌀떡,6,218.8,430.5,False,-208.75
대저토마토,2,276,492,False,-215.0
아귀포,12,136,392.8,False,-250.8
젖산마그네슘,2,83,339,False,-255.0
백년화편,3,189.5,498,False,-307.0
캡슐커피,4,136,497,False,-359.0
