date,rank,keyword
2026-07-14,1,쌀20kg
2026-07-14,2,닭가슴살
2026-07-14,3,쌀10kg
2026-07-14,4,오메가3
2026-07-14,5,옥수수
2026-07-14,6,수박
2026-07-14,7,매실
2026-07-14,8,감자
2026-07-14,9,복숭아
2026-07-14,10,블루베리
2026-07-14,11,생수
2026-07-14,12,자두
2026-07-14,13,탄산수
2026-07-14,14,계란
2026-07-14,15,마그네슘
2026-07-14,16,삼계탕
2026-07-14,17,유산균
2026-07-14,18,참외
2026-07-14,19,수향미10kg
2026-07-14,20,올리브오일
2026-07-14,21,레몬즙
2026-07-14,22,사과
2026-07-14,23,야채도사
2026-07-14,24,콜라겐
2026-07-14,25,촉촉한황치즈칩
2026-07-14,26,체리
2026-07-14,27,콘드로이친
2026-07-14,28,루테인
2026-07-14,29,임박
2026-07-14,30,찹쌀누룽지과자
2026-07-14,31,두유
2026-07-14,32,복분자
2026-07-14,33,비타민c
2026-07-14,34,토마토
2026-07-14,35,그릭요거트
2026-07-14,36,김치
2026-07-14,37,링티
2026-07-14,38,살구
2026-07-14,39,뉴케어
2026-07-14,40,레드와인비니거
2026-07-14,41,포카리스웨트
2026-07-14,42,마늘
2026-07-14,43,맥심모카골드
2026-07-14,44,카무트효소
2026-07-14,45,호랑이콩
2026-07-14,46,냉동블루베리
2026-07-14,47,참외10kg
2026-07-14,48,멸균우유
2026-07-14,49,조선호텔김치
2026-07-14,50,창억떡
2026-07-14,51,구운계란
2026-07-14,52,바위굴
2026-07-14,53,하루견과
2026-07-14,54,뉴케어구수한맛
2026-07-14,55,초당옥수수
2026-07-14,56,알부민
2026-07-14,57,열무김치
2026-07-14,58,신비복숭아
2026-07-14,59,견과류
2026-07-14,60,포스파티딜세린
2026-07-14,61,병아리콩
2026-07-14,62,단백질쉐이크
2026-07-14,63,오이
2026-07-14,64,참기름
2026-07-14,65,찰옥수수
2026-07-14,66,밀크씨슬
2026-07-14,67,장사의신쇼핑몰
2026-07-14,68,오징어
2026-07-14,69,미숫가루
2026-07-14,70,홍감자
2026-07-14,71,아이스크림
2026-07-14,72,콘드로이친1200
2026-07-14,73,닭다리살
2026-07-14,74,냉면
2026-07-14,75,비타민d
2026-07-14,76,생새우
2026-07-14,77,냉면육수
2026-07-14,78,베르베린
2026-07-14,79,아몬드
2026-07-14,80,수향미
2026-07-14,81,삼다수
2026-07-14,82,진미채
2026-07-14,83,두부면
2026-07-14,84,오디
2026-07-14,85,멜라토닌
2026-07-14,86,단호박
2026-07-14,87,모짜렐라치즈
2026-07-14,88,커큐민
2026-07-14,89,양배추즙
2026-07-14,90,생수2l
2026-07-14,91,전복
2026-07-14,92,단백질음료
2026-07-14,93,망고
2026-07-14,94,고구마
2026-07-14,95,아르기닌
2026-07-14,96,파라다이스그레인
2026-07-14,97,삼겹살
2026-07-14,98,황매실
2026-07-14,99,양파
2026-07-14,100,쌀
2026-07-14,101,샤오커오라사탕
2026-07-14,102,산딸기
2026-07-14,103,삼다수2l
2026-07-14,104,루테인지아잔틴
2026-07-14,105,장어
2026-07-14,106,버터
2026-07-14,107,bnr17유산균
2026-07-14,108,들기름
2026-07-14,109,마른오징어
2026-07-14,110,다슬기
2026-07-14,111,학가산김치
2026-07-14,112,땅콩버터
2026-07-14,113,뼈엔엠비피mbp
2026-07-14,114,활새우
2026-07-14,115,문어
2026-07-14,116,la갈비
2026-07-14,117,비에날17유산균
2026-07-14,118,햇반
2026-07-14,119,이클립스
2026-07-14,120,자보티바
2026-07-14,121,멜론
2026-07-14,122,고등어
2026-07-14,123,야콘
2026-07-14,124,락토핏유산균
2026-07-14,125,레몬
2026-07-14,126,안동학가산김치
2026-07-14,127,방울토마토
2026-07-14,128,황태채
2026-07-14,129,코엔자임q10
2026-07-14,130,알파cd
2026-07-14,131,호두
2026-07-14,132,양대파
2026-07-14,133,궁채
2026-07-14,134,크레아틴
2026-07-14,135,마늘쫑
2026-07-14,136,흑염소진액
2026-07-14,137,토마토즙
2026-07-14,138,반찬
2026-07-14,139,빅토리아탄산수
2026-07-14,140,괴산대학찰옥수수
2026-07-14,141,커피믹스
2026-07-14,142,코큐텐
2026-07-14,143,글루타치온
2026-07-14,144,덴마크유산균
2026-07-14,145,고추장
2026-07-14,146,생수500
2026-07-14,147,두리안
2026-07-14,148,오트밀
2026-07-14,149,고려은단비타민c1000
2026-07-14,150,정관장
2026-07-14,151,육포
2026-07-14,152,멀티비타민
2026-07-14,153,컵라면
2026-07-14,154,꽃게
2026-07-14,155,무알콜맥주
2026-07-14,156,갈비탕
2026-07-14,157,대마종자유
2026-07-14,158,히카마
2026-07-14,159,라면
2026-07-14,160,구강유산균
2026-07-14,161,무늬오징어
2026-07-14,162,낫또
2026-07-14,163,매실청
2026-07-14,164,cca주스
2026-07-14,165,밀키트
2026-07-14,166,참치캔
2026-07-14,167,생새우회
2026-07-14,168,킹크랩
2026-07-14,169,얼박사
2026-07-14,170,트러플하몽크래커
2026-07-14,171,누룽지
2026-07-14,172,홍매실
2026-07-14,173,오렌지
2026-07-14,174,애사비
2026-07-14,175,전투식량
2026-07-14,176,당근
2026-07-14,177,검은콩두유
2026-07-14,178,블랙트러플하몽크래커
2026-07-14,179,마카다미아
2026-07-14,180,카누
2026-07-14,181,납작복숭아
2026-07-14,182,뉴케어당플랜
2026-07-14,183,떡
2026-07-14,184,홍삼
2026-07-14,185,능이버섯
2026-07-14,186,반건조오징어
2026-07-14,187,도미솔김치
2026-07-14,188,마그네슘영양제
2026-07-14,189,삼다수500ml
2026-07-14,190,꿀
2026-07-14,191,알룰로스
2026-07-14,192,밴댕이회
2026-07-14,193,새우젓
2026-07-14,194,비피더스유산균
2026-07-14,195,mbp
2026-07-14,196,조선팔도떡집
2026-07-14,197,장사의신장신몰
2026-07-14,198,완두콩
2026-07-14,199,곱창김
2026-07-14,200,맥심화이트골드
2026-07-14,201,정관장에브리타임
2026-07-14,202,블루베리즙
2026-07-14,203,복만네콩가루
2026-07-14,204,질유산균
2026-07-14,205,담두왕만두
2026-07-14,206,개복숭아
2026-07-14,207,삼육두유
2026-07-14,208,아보카도오일
2026-07-14,209,누룽지팝
2026-07-14,210,g7블랙커피
2026-07-14,211,서리맥스
2026-07-14,212,포카리스웨트340
2026-07-14,213,우삼겹
2026-07-14,214,푸룬주스
2026-07-14,215,비정제원당
2026-07-14,216,비타민b
2026-07-14,217,찹쌀
2026-07-14,218,샤인머스켓
2026-07-14,219,서울우유한끼식사
2026-07-14,220,귀리
2026-07-14,221,메밀국수
2026-07-14,222,블랙마카
2026-07-14,223,보리굴비
2026-07-14,224,그린시스배
2026-07-14,225,쥐포
2026-07-14,226,아몬드브리즈
2026-07-14,227,올리브유
2026-07-14,228,맛조개
2026-07-14,229,갑오징어
2026-07-14,230,꽃보다오징어
2026-07-14,231,딱딱이복숭아
2026-07-14,232,새우
2026-07-14,233,매실10kg
2026-07-14,234,명가삼대떡집
2026-07-14,235,의성마늘
2026-07-14,236,반숙란
2026-07-14,237,텐텐
2026-07-14,238,설탕15kg
2026-07-14,239,대극천복숭아
2026-07-14,240,계란30구
2026-07-14,241,프로폴리스
2026-07-14,242,피크노제놀
2026-07-14,243,하스카프베리
2026-07-14,244,맥주효모
2026-07-14,245,나인플레이트
2026-07-14,246,사미헌갈비탕
2026-07-14,247,홍게
2026-07-14,248,아보카도
2026-07-14,249,당근주스
2026-07-14,250,강황가루
2026-07-14,251,믹스커피
2026-07-14,252,침향환
2026-07-14,253,멸치
2026-07-14,254,단백질보충제
2026-07-14,255,땅콩
2026-07-14,256,참치회
2026-07-14,257,깐매실
2026-07-14,258,리포좀비타민c
2026-07-14,259,깻잎
2026-07-14,260,씨없는수박
2026-07-14,261,답례품
2026-07-14,262,민물장어
2026-07-14,263,홍삼진액
2026-07-14,264,난각번호1번
2026-07-14,265,맥심모카골드400
2026-07-14,266,식염포도당
2026-07-14,267,대게
2026-07-14,268,닷사이23
2026-07-14,269,종가집포기김치
2026-07-14,270,생참치
2026-07-14,271,시오콘부
2026-07-14,272,신라면
2026-07-14,273,비오틴
2026-07-14,274,구강유산균m18
2026-07-14,275,갈치
2026-07-14,276,종합비타민
2026-07-14,277,토종닭
2026-07-14,278,돼지갈비
2026-07-14,279,보이차
2026-07-14,280,명란젓
2026-07-14,281,메밀면
2026-07-14,282,오쏘몰이뮨
2026-07-14,283,참치
2026-07-14,284,간장게장
2026-07-14,285,캔커피
2026-07-14,286,코피코커피사탕
2026-07-14,287,이온음료
2026-07-14,288,레모너리
2026-07-14,289,김
2026-07-14,290,족발
2026-07-14,291,차전자피
2026-07-14,292,뉴케어고단백
2026-07-14,293,단백질바
2026-07-14,294,비타500
2026-07-14,295,강낭콩
2026-07-14,296,비트즙
2026-07-14,297,캐슈넛
2026-07-14,298,서리태
2026-07-14,299,하이퍼셀대마종자유
2026-07-14,300,새우포
2026-07-14,301,테아닌
2026-07-14,302,에버콜라겐
2026-07-14,303,깐마늘
2026-07-14,304,코스트코치즈
2026-07-14,305,고구마말랭이
2026-07-14,306,발사믹식초
2026-07-14,307,원두
2026-07-14,308,녹용
2026-07-14,309,호박즙
2026-07-14,310,기한
2026-07-14,311,조니워커블루라벨
2026-07-14,312,우니
2026-07-14,313,관절보궁
2026-07-14,314,신비복숭아5kg
2026-07-14,315,센트룸
2026-07-14,316,총각김치
2026-07-14,317,마누카꿀
2026-07-14,318,광동침향환
2026-07-14,319,샘트리맛병아리콩
2026-07-14,320,백제쌀국수
2026-07-14,321,두쫀쿠
2026-07-14,322,소곱창
2026-07-14,323,호박팥차
2026-07-14,324,총알오징어
2026-07-14,325,눈영양제
2026-07-14,326,감자10kg
2026-07-14,327,박카스
2026-07-14,328,열무
2026-07-14,329,열무물김치
2026-07-14,330,절임배추
2026-07-14,331,매일두유99.9
2026-07-14,332,포카리스웨트분말
2026-07-14,333,화과자
2026-07-14,334,비타민
2026-07-14,335,다크초콜릿
2026-07-14,336,연어
2026-07-14,337,리포좀글루타치온
2026-07-14,338,매실장아찌
2026-07-14,339,코인육수
2026-07-14,340,곤약젤리
2026-07-14,341,오란다
2026-07-14,342,도시락
2026-07-14,343,육회
2026-07-14,344,무가당두유
2026-07-14,345,황성주생식
2026-07-14,346,코카콜라
2026-07-14,347,고래사어묵
2026-07-14,348,앵커버터
2026-07-14,349,라면스프
2026-07-14,350,단백이
2026-07-14,351,홍어
2026-07-14,352,밤호박
2026-07-14,353,연근
2026-07-14,354,블랙커민
2026-07-14,355,민어회
2026-07-14,356,라라스윗
2026-07-14,357,누룽지과자
2026-07-14,358,카누아메리카노
2026-07-14,359,임성근삼계탕
2026-07-14,360,홍삼정
2026-07-14,361,포켓몬빵
2026-07-14,362,이노시톨
2026-07-14,363,떡케이크
2026-07-14,364,쏘팔메토
2026-07-14,365,콤부차
2026-07-14,366,청매실
2026-07-14,367,파로
2026-07-14,368,쌀국수
2026-07-14,369,콩물
2026-07-14,370,포도
2026-07-14,371,동원참치
2026-07-14,372,오미자청
2026-07-14,373,족구이
2026-07-14,374,캡슐레이션효소
2026-07-14,375,수미감자
2026-07-14,376,청양고추
2026-07-14,377,맥심커피믹스
2026-07-14,378,제사상차림
2026-07-14,379,프렌치카페커피믹스
2026-07-14,380,양파즙
2026-07-14,381,애터미헤모힘
2026-07-14,382,기버터
2026-07-14,383,네스프레소캡슐
2026-07-14,384,효소
2026-07-14,385,강원도찰옥수수
2026-07-14,386,한치
2026-07-14,387,들깨가루
2026-07-14,388,니프젠
2026-07-14,389,인삼
2026-07-14,390,라라누룽지
2026-07-14,391,뻥튀기
2026-07-14,392,표고버섯과자
2026-07-14,393,종근당오메가3
2026-07-14,394,맥문동
2026-07-14,395,매스틱
2026-07-14,396,파김치
2026-07-14,397,등갈비
2026-07-14,398,msm
2026-07-14,399,유기농레몬즙
2026-07-14,400,냉동아보카도
2026-07-14,401,상추
2026-07-14,402,레스큐라이트액
2026-07-14,403,한우
2026-07-14,404,삼백초
2026-07-14,405,하겐다즈
2026-07-14,406,실비김치
2026-07-14,407,백골뱅이
2026-07-14,408,성게알
2026-07-14,409,참소라
2026-07-14,410,아귀포
2026-07-14,411,냉동새우
2026-07-14,412,햇감자
2026-07-14,413,플럼코트
2026-07-14,414,샐러드
2026-07-14,415,고구마순김치
2026-07-14,416,리노이드ea-포뮬라
2026-07-14,417,묵은지
2026-07-14,418,민어
2026-07-14,419,보스웰리아
2026-07-14,420,파워에이드
2026-07-14,421,된장
2026-07-14,422,참소스
2026-07-14,423,홀그레인머스타드
2026-07-14,424,소갈비살
2026-07-14,425,참송이버섯
2026-07-14,426,락토핏
2026-07-14,427,홍산마늘
2026-07-14,428,dem관절영양제
2026-07-14,429,고춧가루
2026-07-14,430,쑥떡
2026-07-14,431,신동진쌀20kg
2026-07-14,432,호박씨
2026-07-14,433,냉동도시락
2026-07-14,434,히비키
2026-07-14,435,구운란
2026-07-14,436,낙지
2026-07-14,437,우유
2026-07-14,438,컵밥
2026-07-14,439,세척사과
2026-07-14,440,용융소금
2026-07-14,441,코끼리마늘
2026-07-14,442,생수500ml
2026-07-14,443,레이니어체리
2026-07-14,444,흑찰옥수수
2026-07-14,445,닭갈비
2026-07-14,446,갱년기영양제
2026-07-14,447,공진단
2026-07-14,448,산토리위스키
2026-07-14,449,프로틴
2026-07-14,450,미니오이
2026-07-14,451,이뮨멀티비타민
2026-07-14,452,커피원두
2026-07-14,453,가리비
2026-07-14,454,신타6
2026-07-14,455,서리태콩물두유
2026-07-14,456,칼마디
2026-07-14,457,치즈
2026-07-14,458,오르조보리차
2026-07-14,459,한끼통살
2026-07-14,460,컴프리
2026-07-14,461,먹태
2026-07-14,462,스팸
2026-07-14,463,오이지오이
2026-07-14,464,피타브레드
2026-07-14,465,순살갈치
2026-07-14,466,하이퍼셀코엔자임q10
2026-07-14,467,오이지
2026-07-14,468,무화과
2026-07-14,469,골드카무트효소
2026-07-14,470,약과
2026-07-14,471,캡슐커피
2026-07-14,472,트라피스트딸기잼
2026-07-14,473,돌체구스토캡슐
2026-07-14,474,소고기
2026-07-14,475,코코넛워터
2026-07-14,476,꼼장어
2026-07-14,477,병어
2026-07-14,478,비파열매
2026-07-14,479,요습관
2026-07-14,480,홍산마늘가격한접
2026-07-14,481,두부과자
2026-07-14,482,도가니탕
2026-07-14,483,육개장사발면
2026-07-14,484,렌틸콩
2026-07-14,485,디카페인커피
2026-07-14,486,프로바이오틱스
2026-07-14,487,마이노멀두부면
2026-07-14,488,맛밤
2026-07-14,489,한우선물세트
2026-07-14,490,국산체리
2026-07-14,491,쯔유
2026-07-14,492,다이어트도시락
2026-07-14,493,마
2026-07-14,494,순대
2026-07-14,495,체리자두
2026-07-14,496,월드콘
2026-07-14,497,청국장
2026-07-14,498,게토레이
2026-07-14,499,오르조
2026-07-14,500,황기
